<?xml version="1.0" encoding="UTF-8"?>
<project-private xmlns="http://www.netbeans.org/ns/project-private/1">
    <editor-bookmarks xmlns="http://www.netbeans.org/ns/editor-bookmarks/2" lastBookmarkId="0"/>
    <open-files xmlns="http://www.netbeans.org/ns/projectui-open-files/2">
        <group>
            <file>file:/C:/Users/Audrey/Downloads/2301FINAL/OurAp/src/ourap/databaseConnection.java</file>
            <file>file:/C:/Users/Audrey/Downloads/2301FINAL/OurAp/src/ourap/configuration.png</file>
            <file>file:/C:/Users/Audrey/Downloads/2301FINAL/OurAp/src/ourap/studentLog.java</file>
            <file>file:/C:/Users/Audrey/Downloads/2301FINAL/OurAp/src/ourap/people.png</file>
            <file>file:/C:/Users/Audrey/Downloads/2301FINAL/OurAp/src/ourap/student.java</file>
            <file>file:/C:/Users/Audrey/Downloads/2301FINAL/OurAp/src/ourap/showStudent.png</file>
            <file>file:/C:/Users/Audrey/Downloads/2301FINAL/OurAp/src/ourap/home.java</file>
            <file>file:/C:/Users/Audrey/Downloads/2301FINAL/OurAp/src/ourap/studentHome.java</file>
            <file>file:/C:/Users/Audrey/Downloads/2301FINAL/OurAp/src/ourap/editLect.java</file>
            <file>file:/C:/Users/Audrey/Downloads/2301FINAL/OurAp/src/ourap/submit.png</file>
            <file>file:/C:/Users/Audrey/Downloads/2301FINAL/OurAp/src/ourap/back.png</file>
            <file>file:/C:/Users/Audrey/Downloads/2301FINAL/OurAp/src/ourap/lecturelog.java</file>
            <file>file:/C:/Users/Audrey/Downloads/2301FINAL/OurAp/src/ourap/login.java</file>
            <file>file:/C:/Users/Audrey/Downloads/2301FINAL/OurAp/src/ourap/showStudent.java</file>
            <file>file:/C:/Users/Audrey/Downloads/2301FINAL/OurAp/src/ourap/editResult.java</file>
            <file>file:/C:/Users/Audrey/Downloads/2301FINAL/OurAp/src/ourap/showAdmin.png</file>
            <file>file:/C:/Users/Audrey/Downloads/2301FINAL/OurAp/src/ourap/configuration1.png</file>
            <file>file:/C:/Users/Audrey/Downloads/2301FINAL/OurAp/src/ourap/cancel1.png</file>
            <file>file:/C:/Users/Audrey/Downloads/2301FINAL/OurAp/src/ourap/showLect.java</file>
            <file>file:/C:/Users/Audrey/Downloads/2301FINAL/OurAp/src/ourap/result.java</file>
            <file>file:/C:/Users/Audrey/Downloads/2301FINAL/OurAp/src/ourap/loupe.png</file>
        </group>
    </open-files>
</project-private>
